van,stop_order,delivery_id,customer_name,postcode,latitude,longitude,demand,priority,dist_from_prev_km,route_km_so_far
0,0,DEPOT,DPD Hinckley Depot,LE10 3BQ,52.527037,-1.390319,0,depot,0.0,0.0
0,1,D287,Sarah Shah,CV6 6NZ,52.451879,-1.488772,3,standard,10.6901,10.6901
0,2,D229,Mohammed Sharma,CV6 5JB,52.435816,-1.499902,4,standard,1.9389,12.629
0,3,D260,Chloe Khan,CV1 4JD,52.420235,-1.506165,4,express,1.7838,14.4128
0,4,D299,Noah Roberts,CV1 4GN,52.417596,-1.507003,4,express,0.2989,14.7117
0,5,D105,Harry Taylor,CV1 5LZ,52.413508,-1.501212,1,standard,0.6007,15.3124
0,6,D021,Aisha Iqbal,CV2 4PY,52.414214,-1.487472,5,standard,0.9352,16.2476
0,7,D053,Tyler Jones,CV2 3GZ,52.419741,-1.480997,4,express,0.7553,17.003
0,8,D278,Mohammed Iqbal,CV2 3JD,52.422509,-1.478553,1,standard,0.3496,17.3525
0,9,D026,Ethan Osei,CV2 3AZ,52.423348,-1.451368,5,standard,1.8458,19.1983
0,10,D201,Fatima Walker,CV2 2EY,52.423887,-1.445302,4,standard,0.4157,19.614
0,11,D172,Simran Rahman,CV2 2JA,52.418833,-1.443219,3,standard,0.5795,20.1934
0,12,D288,Nadia Thomas,CV3 2RS,52.405817,-1.441648,5,standard,1.4512,21.6447
0,13,D133,Charlotte Morris,CV3 3DW,52.388015,-1.456977,5,standard,2.2361,23.8808
0,14,D149,Tyler Thomas,CV4 8YU,52.381739,-1.4608,3,standard,0.7445,24.6253
0,15,D253,Aaron Brown,CV3 4DA,52.385755,-1.476281,5,standard,1.1417,25.7669
0,16,D275,Zara Kaur,CV3 5LN,52.391718,-1.497518,1,standard,1.5864,27.3534
0,17,D280,Sophia Patel,CV1 2XL,52.403521,-1.501589,5,standard,1.3412,28.6945
0,18,D295,Zara Roberts,CV1 4DR,52.412974,-1.513479,3,standard,1.3249,30.0194
0,19,D003,Sophia Smith,CV1 4GZ,52.409802,-1.516057,1,standard,0.3937,30.4131
0,20,D048,Fatima Jones,CV5 6NP,52.40091,-1.52462,5,express,1.1468,31.5599
0,21,D252,George Taylor,CV5 6GG,52.402707,-1.528893,2,standard,0.3521,31.9119
0,22,D121,Noah Patel,CV1 3BJ,52.406573,-1.524574,1,standard,0.5202,32.4322
0,23,D073,Yasmin Roberts,CV5 8BW,52.411308,-1.52836,2,standard,0.5858,33.018
0,24,D075,Lucas Davis,CV5 8HT,52.416269,-1.541584,3,express,1.053,34.0709
0,25,D060,Daniel Brown,CV5 9NS,52.417367,-1.556025,2,standard,0.987,35.0579
0,26,D233,Aisha Ahmed,CV5 9JB,52.413794,-1.557517,4,standard,0.41,35.4679
0,27,D255,Sophia Wilson,CV5 7AH,52.406042,-1.554508,2,standard,0.8858,36.3537
0,28,D283,Charlotte Clarke,CV4 9FW,52.407024,-1.572079,3,standard,1.1969,37.5506
0,29,D269,Noah Clarke,CV4 9BG,52.400006,-1.565445,5,standard,0.9008,38.4515
0,30,D145,Mia Kaur,CV4 8LS,52.395684,-1.556463,5,standard,0.7761,39.2276
0,31,D224,Harry Walker,CV4 8FL,52.392139,-1.560481,3,standard,0.4793,39.7069
0,32,D084,Aaron Singh,CV4 7BX,52.388265,-1.546443,2,standard,1.0455,40.7523
0,33,D069,Aisha Hussain,CV8 2TB,52.343028,-1.556548,4,standard,5.0767,45.8291
0,34,D257,James Singh,CV4 8JB,52.389136,-1.572736,2,standard,5.2435,51.0725
0,35,D116,Oliver Taylor,CV4 9JF,52.398887,-1.57933,4,standard,1.173,52.2455
0,36,D036,Charlotte Taylor,CV4 8LN,52.394533,-1.596624,4,standard,1.2694,53.5148
0,37,D292,George Hussain,CV4 9UD,52.401526,-1.598824,4,standard,0.7918,54.3066
0,38,D087,George Hussain,CV4 9WG,52.410431,-1.600405,4,express,0.996,55.3026
0,39,D222,Aiden Kaur,CV4 9GY,52.414022,-1.604048,4,standard,0.4696,55.7722
0,40,D128,Liam Brown,CV7 7LB,52.43007,-1.641159,5,standard,3.085,58.8572
0,41,D078,Chloe Hill,CV5 7BQ,52.414118,-1.577186,1,standard,4.6867,63.5439
0,42,D108,Nadia Smith,CV5 9GG,52.426015,-1.568145,1,standard,1.4581,65.0019
0,43,D111,Sophia Walker,CV6 2LQ,52.434348,-1.523422,3,express,3.1706,68.1725
0,44,D067,Isabella Ahmed,CV6 2HW,52.442264,-1.524381,3,express,0.8826,69.0551
0,45,D042,James Patel,CV6 4FX,52.443853,-1.515111,2,express,0.6527,69.7078
0,46,D168,Daniel Jones,CV12 0HL,52.470812,-1.503598,3,standard,3.0975,72.8053
0,47,D110,Aisha Morris,CV10 7HW,52.511765,-1.487459,3,express,4.683,77.4884
0,48,D001,James Davis,CV10 7RY,52.51825,-1.496623,2,standard,0.9511,78.4394
0,49,D131,Aaron Walker,CV10 8BN,52.521387,-1.488069,4,express,0.6758,79.1152
0,50,D097,Lucas Thomas,CV10 7EX,52.517219,-1.480572,5,standard,0.6871,79.8023
0,51,D284,Sarah Morris,CV11 9FD,52.522758,-1.464633,5,standard,1.2419,81.0442
0,52,D107,Daniel Evans,CV11 6JY,52.524228,-1.459721,4,express,0.3703,81.4146
0,53,D247,Sarah Nwosu,CV13 6JY,52.580387,-1.496177,4,standard,6.7134,88.128
0,54,D154,Priya Morris,CV13 6LJ,52.607033,-1.47762,4,express,3.2171,91.3451
0,55,DEPOT,DPD Hinckley Depot,LE10 3BQ,52.527037,-1.390319,0,depot,10.6742,102.0194
1,0,DEPOT,DPD Hinckley Depot,LE10 3BQ,52.527037,-1.390319,0,depot,0.0,0.0
1,1,D016,Oliver Iqbal,LE2 9LT,52.58993,-1.156871,4,standard,17.2615,17.2615
1,2,D046,Ethan Ahmed,LE2 7NE,52.612159,-1.136433,2,standard,2.831,20.0925
1,3,D249,Emily Sharma,LE1 7RJ,52.619327,-1.123367,3,standard,1.1889,21.2814
1,4,D002,Priya Kaur,LE2 0LF,52.630734,-1.123213,4,express,1.2684,22.5498
1,5,D115,Aiden Williams,LE1 6NB,52.631652,-1.127007,5,standard,0.2757,22.8255
1,6,D127,Isabella Khan,LE1 1DN,52.632573,-1.127476,5,standard,0.1072,22.9326
1,7,D220,Nadia Roberts,LE1 5BJ,52.633903,-1.133597,1,standard,0.4388,23.3714
1,8,D159,Lucas Khan,LE1 5WR,52.629142,-1.135375,3,standard,0.5428,23.9142
1,9,D011,Yasmin Jones,LE3 5QA,52.633413,-1.151515,2,express,1.1883,25.1025
1,10,D207,Tyler Johnson,LE3 6FJ,52.639759,-1.171758,5,standard,1.5375,26.64
1,11,D188,Yasmin Williams,LE4 4ED,52.677815,-1.120645,4,standard,5.4581,32.0982
1,12,D010,Mia Kaur,LE4 3JD,52.680981,-1.136808,2,standard,1.1451,33.2432
1,13,D008,Oliver Hussain,LE7 7QY,52.711719,-1.138319,2,standard,3.4194,36.6627
1,14,D157,Aiden Thomas,LE7 7NA,52.708806,-1.125987,4,standard,0.8917,37.5544
1,15,D101,Aiden Smith,LE7 1NF,52.692009,-1.089585,4,standard,3.083,40.6374
1,16,D076,Noah Shah,LE7 2AW,52.693863,-1.067855,4,standard,1.4789,42.1163
1,17,D167,James Begum,LE4 8FD,52.681087,-1.095536,5,standard,2.345,44.4613
1,18,D072,Mohammed Begum,LE4 8BE,52.681325,-1.097365,4,standard,0.1261,44.5874
1,19,D296,Amelia Johnson,LE4 7ZJ,52.661268,-1.100912,3,standard,2.243,46.8304
1,20,D208,Mohammed Roberts,LE4 9BA,52.651279,-1.096062,3,standard,1.1579,47.9883
1,21,D234,Mia Osei,LE5 1HN,52.645803,-1.065697,5,standard,2.1371,50.1254
1,22,D231,Amelia Hussain,LE5 4LJ,52.636205,-1.089264,3,express,1.9151,52.0405
1,23,D130,Mia Clarke,LE5 4HJ,52.6323,-1.095935,5,standard,0.6255,52.666
1,24,D070,Leon Roberts,LE5 5BS,52.629525,-1.104547,2,standard,0.658,53.324
1,25,D239,Sarah Williams,LE5 6DL,52.621424,-1.0809,2,standard,1.8328,55.1568
1,26,D022,James Williams,LE2 2PB,52.604929,-1.086959,3,standard,1.8792,57.036
1,27,D300,Mia Roberts,LE2 5UA,52.592068,-1.080407,4,standard,1.497,58.533
1,28,D162,Zara Patel,LE2 4QQ,52.595076,-1.06967,2,standard,0.7987,59.3317
1,29,D166,Tyler Rahman,LE8 0PT,52.544545,-0.994233,4,standard,7.5871,66.9187
1,30,D140,Daniel Nwosu,LE8 8DG,52.527535,-1.040671,4,standard,3.6664,70.5851
1,31,D297,Tyler Patel,LE8 8AP,52.53468,-1.048197,2,standard,0.9436,71.5287
1,32,D012,James Jones,LE8 8ER,52.536239,-1.043076,3,express,0.3873,71.9161
1,33,D265,Isabella Nwosu,LE18 3SH,52.575923,-1.08067,4,express,5.0922,77.0083
1,34,D051,Aaron Osei,LE18 3YP,52.585119,-1.101555,4,express,1.7427,78.751
1,35,D206,Noah Hussain,LE18 1PJ,52.586606,-1.105702,1,express,0.3253,79.0763
1,36,D204,Simran Morris,LE18 4ZH,52.578985,-1.123994,2,standard,1.4985,80.5748
1,37,D189,Harry Kowalski,LE18 4NJ,52.574799,-1.124432,4,standard,0.4664,81.0412
1,38,D244,Lucas Roberts,LE8 5RF,52.55695,-1.135023,2,standard,2.1099,83.1511
1,39,D095,Zara Jones,LE8 5RG,52.552116,-1.136667,5,standard,0.5489,83.7
1,40,D045,Daniel Rahman,LE8 4BS,52.56403,-1.161999,4,express,2.1651,85.8651
1,41,DEPOT,DPD Hinckley Depot,LE10 3BQ,52.527037,-1.390319,0,depot,15.9778,101.8429
2,0,DEPOT,DPD Hinckley Depot,LE10 3BQ,52.527037,-1.390319,0,depot,0.0,0.0
2,1,D050,Lucas Brown,NG11 9HH,52.897676,-1.189835,4,standard,43.3695,43.3695
2,2,D289,Mia Kowalski,NG11 8LQ,52.901897,-1.173566,3,standard,1.1879,44.5574
2,3,D014,Priya Sharma,NG11 7AU,52.926312,-1.158197,1,express,2.9038,47.4613
2,4,D059,Liam Brown,NG11 7AE,52.933116,-1.155417,2,express,0.7792,48.2404
2,5,D142,Zara Williams,NG2 1PF,52.940029,-1.155446,5,standard,0.7687,49.0091
2,6,D211,Yasmin Evans,NG7 2EW,52.948025,-1.175278,1,standard,1.5989,50.608
2,7,D085,Aaron Iqbal,NG7 2GA,52.949163,-1.182504,2,standard,0.5004,51.1084
2,8,D195,Mia Khan,NG7 3BS,52.958596,-1.176431,2,standard,1.125,52.2334
2,9,D044,Zara Osei,NG7 4FN,52.959629,-1.164815,5,standard,0.7865,53.0199
2,10,D218,Aisha Shah,NG7 6NA,52.970737,-1.161802,2,standard,1.2515,54.2714
2,11,D092,Harry Begum,NG7 6HS,52.970248,-1.165206,3,standard,0.2343,54.5058
2,12,D144,Mohammed Patel,NG7 7LW,52.972318,-1.165538,2,standard,0.2312,54.737
2,13,D006,Zara Brown,NG7 5PJ,52.96816,-1.180314,1,standard,1.0922,55.8292
2,14,D062,Zara Patel,NG8 3FJ,52.964456,-1.202643,2,express,1.5511,57.3803
2,15,D017,Charlotte Iqbal,NG8 6QH,52.980663,-1.228545,2,standard,2.5012,59.8815
2,16,D123,Yasmin Smith,NG8 5NL,52.980562,-1.204924,5,standard,1.5814,61.4629
2,17,D083,George Taylor,NG8 5DG,52.980405,-1.194962,4,standard,0.6672,62.1301
2,18,D068,Isabella Smith,NG6 0HG,52.978268,-1.183534,4,standard,0.8012,62.9312
2,19,D198,Priya Rahman,NG7 7DN,52.976725,-1.172319,3,standard,0.7702,63.7015
2,20,D196,Fatima Kaur,NG5 1GW,52.983535,-1.165307,1,express,0.891,64.5924
2,21,D282,Yasmin Hussain,NG5 5JR,52.997365,-1.161986,4,standard,1.5538,66.1462
2,22,D177,Aiden Kowalski,NG6 0EF,52.989357,-1.176457,5,standard,1.3157,67.4619
2,23,D063,Ethan Osei,NG6 0EP,52.989426,-1.178675,5,standard,0.1487,67.6106
2,24,D273,Zara Roberts,NG6 9GP,52.997385,-1.185706,2,express,1.0023,68.6129
2,25,D004,Tyler Rahman,NG6 9FT,52.999647,-1.183861,2,standard,0.2802,68.8931
2,26,D161,Aisha Nwosu,NG6 9HL,53.000617,-1.190339,5,express,0.4467,69.3398
2,27,D019,Aiden Wilson,NG6 8SP,52.999878,-1.199383,1,standard,0.6108,69.9506
2,28,D091,Sophia Thomas,NG6 8GP,53.005485,-1.196329,3,standard,0.6561,70.6067
2,29,D064,Yasmin Osei,NG5 5DG,53.012952,-1.177498,5,express,1.5089,72.1155
2,30,D228,Yasmin Hussain,NG5 9QL,53.015591,-1.162691,4,standard,1.0331,73.1486
2,31,D056,Ravi Ahmed,NG5 8LR,53.007566,-1.139046,3,express,1.8162,74.9648
2,32,D126,Sarah Iqbal,NG5 8UB,53.015088,-1.12651,1,express,1.1845,76.1493
2,33,D099,Noah Osei,NG3 5GR,52.991933,-1.109651,4,standard,2.811,78.9603
2,34,D180,Yasmin Brown,NG5 4LX,52.990804,-1.122337,4,express,0.8583,79.8186
2,35,D238,Emily Patel,NG3 5QF,52.989078,-1.119914,3,express,0.2513,80.0699
2,36,D270,Ethan Clarke,NG3 6BS,52.983171,-1.116116,5,standard,0.7043,80.7742
2,37,D276,Zara Davis,NG3 6FL,52.980516,-1.110779,3,standard,0.4635,81.2377
2,38,D259,Liam Kaur,NG3 6BY,52.979021,-1.112895,4,standard,0.2184,81.4561
2,39,D242,Ravi Williams,NG3 2LL,52.963951,-1.125754,4,express,1.884,83.3401
2,40,D023,George Wilson,NG3 3GG,52.962324,-1.136804,1,standard,0.7619,84.102
2,41,D113,Daniel Roberts,NG3 4PN,52.96492,-1.140266,3,standard,0.3703,84.4722
2,42,D039,Charlotte Walker,NG1 4BA,52.957094,-1.149517,5,standard,1.0683,85.5405
2,43,D118,Sarah Iqbal,NG1 7AQ,52.951288,-1.149675,2,standard,0.6457,86.1862
2,44,D175,Ethan Taylor,NG3 1JG,52.95558,-1.135345,5,standard,1.0721,87.2583
2,45,D098,Aiden Nwosu,NG2 4DE,52.949973,-1.123371,2,standard,1.016,88.2742
2,46,D027,Noah Patel,NG2 3LY,52.947361,-1.122665,4,standard,0.2943,88.5685
2,47,D227,Lucas Khan,NG2 5FF,52.938103,-1.132702,2,standard,1.2297,89.7982
2,48,D124,Isabella Evans,NG2 9SN,52.938398,-1.134899,4,standard,0.1508,89.949
2,49,D286,Yasmin Williams,NG2 7RD,52.931505,-1.141344,3,standard,0.8798,90.8288
2,50,D200,Amelia Singh,NG2 6GA,52.922757,-1.122671,4,standard,1.5852,92.414
2,51,D141,Aisha Ahmed,NG2 6GP,52.922585,-1.112828,3,standard,0.6601,93.0741
2,52,DEPOT,DPD Hinckley Depot,LE10 3BQ,52.527037,-1.390319,0,depot,47.7882,140.8623
3,0,DEPOT,DPD Hinckley Depot,LE10 3BQ,52.527037,-1.390319,0,depot,0.0,0.0
3,1,D291,Amelia Smith,NG10 3AZ,52.883182,-1.310712,2,standard,39.9631,39.9631
3,2,D071,Simran Ali,NG10 3JG,52.887725,-1.297383,5,standard,1.0271,40.9902
3,3,D254,Noah Nwosu,NG10 5LQ,52.918429,-1.29372,2,standard,3.423,44.4132
3,4,D047,Tyler Shah,NG10 5GT,52.920775,-1.298159,1,express,0.3958,44.8089
3,5,D148,Lucas Khan,NG9 8PD,52.936311,-1.270159,5,standard,2.5508,47.3598
3,6,D160,Aiden Williams,NG10 4HZ,52.907749,-1.281611,4,standard,3.2674,50.6272
3,7,D165,Sophia Brown,NG10 1DA,52.892722,-1.276226,3,express,1.7095,52.3367
3,8,DEPOT,DPD Hinckley Depot,LE10 3BQ,52.527037,-1.390319,0,depot,41.3824,93.7191
4,0,DEPOT,DPD Hinckley Depot,LE10 3BQ,52.527037,-1.390319,0,depot,0.0,0.0
4,1,D013,Nadia Hussain,NG16 1HD,53.004473,-1.246391,2,standard,53.9644,53.9644
4,2,D215,Simran Clarke,NG15 6WY,53.016455,-1.22257,4,standard,2.0772,56.0416
4,3,D079,Fatima Begum,NG15 7LJ,53.029731,-1.204586,1,standard,1.9042,57.9458
4,4,D077,Leon Khan,NG15 7NN,53.030831,-1.206504,4,standard,0.1772,58.1231
4,5,D210,Yasmin Johnson,NG15 7FY,53.037933,-1.207836,2,express,0.7947,58.9178
4,6,D245,Sarah Hussain,NG15 5DH,53.037954,-1.204345,3,standard,0.2334,59.1512
4,7,D171,Sarah Begum,NG15 7AT,53.038961,-1.204282,2,express,0.1121,59.2633
4,8,D147,Daniel Ali,NG15 7BJ,53.040181,-1.202634,3,express,0.1748,59.438
4,9,D267,Mohammed Osei,NG15 8GG,53.042529,-1.190822,1,standard,0.8317,60.2698
4,10,D174,Fatima Roberts,NG15 8NA,53.078473,-1.192926,5,standard,3.9993,64.269
4,11,D248,Aisha Taylor,NG17 9AE,53.083933,-1.247094,5,standard,3.6686,67.9376
4,12,D194,Aiden Begum,NG17 5LF,53.114327,-1.223436,4,standard,3.7305,71.6682
4,13,D155,Mohammed Evans,NG17 4PJ,53.136462,-1.228179,3,express,2.4816,74.1497
4,14,D156,Aiden Davis,NG17 4LP,53.126996,-1.246297,1,standard,1.6028,75.7525
4,15,D086,Sarah Morris,NG17 3NE,53.141489,-1.284614,1,standard,3.0218,78.7743
4,16,D203,Mia Hussain,NG17 1LU,53.118656,-1.277088,2,express,2.5881,81.3624
4,17,D005,Leon Singh,NG17 8JA,53.106098,-1.266693,5,standard,1.5593,82.9216
4,18,D230,Noah Hill,NG16 6HN,53.094515,-1.314169,1,express,3.4213,86.343
4,19,D134,Mia Kaur,NG16 3SB,53.020119,-1.318703,1,standard,8.278,94.621
4,20,D136,Priya Ahmed,NG16 3PS,53.019393,-1.29136,2,standard,1.8307,96.4517
4,21,D028,Harry Kowalski,NG16 2DL,53.011964,-1.281868,5,standard,1.0419,97.4936
4,22,D256,Aisha Nwosu,NG16 2RN,52.994652,-1.280471,1,standard,1.9273,99.4209
4,23,DEPOT,DPD Hinckley Depot,LE10 3BQ,52.527037,-1.390319,0,depot,52.5191,151.94
5,0,DEPOT,DPD Hinckley Depot,LE10 3BQ,52.527037,-1.390319,0,depot,0.0,0.0
5,1,D120,James Rahman,LE10 3JJ,52.51898,-1.370918,5,standard,1.5892,1.5892
5,2,D061,Zara Thomas,LE9 4LY,52.549644,-1.28369,3,express,6.8144,8.4035
5,3,D262,Lucas Walker,LE9 6TR,52.534062,-1.216601,2,standard,4.8566,13.2601
5,4,D250,Liam Sharma,LE19 2GP,52.570085,-1.216476,5,standard,4.0056,17.2657
5,5,D007,Amelia Osei,LE19 2GB,52.571687,-1.209999,1,standard,0.4726,17.7383
5,6,D049,Emily Hill,LE19 2DW,52.574496,-1.201199,2,standard,0.6717,18.41
5,7,D041,Fatima Sharma,LE19 2JQ,52.568351,-1.196589,2,standard,0.751,19.161
5,8,D243,Noah Patel,LE8 6XT,52.562501,-1.17203,3,standard,1.7829,20.9439
5,9,D209,Ravi Thomas,LE8 4AP,52.566518,-1.170524,3,express,0.4581,21.402
5,10,D272,Sarah Sharma,LE8 4PD,52.576244,-1.172923,1,standard,1.0936,22.4955
5,11,D031,Harry Johnson,LE8 6HL,52.577461,-1.177327,4,standard,0.3269,22.8225
5,12,D241,George Kaur,LE19 2AJ,52.584559,-1.192397,2,express,1.2883,24.1108
5,13,D037,Lucas Roberts,LE2 9DS,52.587317,-1.171269,4,standard,1.46,25.5707
5,14,D263,Chloe Sharma,LE3 2RY,52.602799,-1.177991,5,standard,1.7804,27.3511
5,15,D030,Mia Davis,LE19 1TP,52.611481,-1.190662,1,standard,1.29,28.6411
5,16,D135,Ravi Taylor,LE5 9NQ,52.61293,-1.194904,3,standard,0.3286,28.9697
5,17,D281,Aisha Williams,LE19 4DX,52.61047,-1.220852,4,standard,1.7732,30.7429
5,18,D137,Priya Smith,LE19 4EN,52.610271,-1.226128,4,express,0.3569,31.0999
5,19,D235,Simran Clarke,LE3 3PX,52.61937,-1.220857,2,standard,1.0725,32.1724
5,20,D106,Chloe Thomas,LE3 3JS,52.624994,-1.212189,4,standard,0.8564,33.0288
5,21,D279,Zara Williams,LE3 6QZ,52.639093,-1.188573,3,standard,2.2356,35.2644
5,22,D096,Mia Sharma,LE3 8DD,52.648223,-1.20116,5,express,1.3236,36.588
5,23,D190,Chloe Brown,LE6 0EB,52.663059,-1.223319,4,standard,2.2261,38.8141
5,24,D232,Leon Begum,LE6 0BY,52.657812,-1.230686,3,standard,0.7663,39.5804
5,25,D164,Aaron Patel,LE6 0FP,52.65733,-1.233902,2,standard,0.2234,39.8038
5,26,D217,Fatima Begum,LE6 0LG,52.651663,-1.244659,2,standard,0.961,40.7649
5,27,D138,Daniel Clarke,LE6 0XD,52.645696,-1.236544,4,standard,0.8602,41.6251
5,28,D266,Aisha Williams,LE9 9NT,52.630887,-1.339441,4,express,7.1359,48.7609
5,29,D169,Sophia Thomas,LE9 7TG,52.587533,-1.269774,1,standard,6.7356,55.4965
5,30,D163,Mia Shah,LE9 7BA,52.578086,-1.308934,4,express,2.8467,58.3432
5,31,D182,Lucas Kowalski,LE9 7EP,52.576765,-1.3153,3,standard,0.4546,58.7978
5,32,D181,Amelia Davis,LE9 7ND,52.575738,-1.318002,5,express,0.2154,59.0131
5,33,D033,Oliver Thomas,LE9 8JH,52.582706,-1.358466,4,standard,2.8418,61.8549
5,34,D285,Liam Hussain,LE10 9HH,52.539777,-1.373113,4,standard,4.8751,66.73
5,35,D193,Yasmin Davis,LE10 9TZ,52.535676,-1.376386,5,express,0.5069,67.2369
5,36,DEPOT,DPD Hinckley Depot,LE10 3BQ,52.527037,-1.390319,0,depot,1.3457,68.5827
6,0,DEPOT,DPD Hinckley Depot,LE10 3BQ,52.527037,-1.390319,0,depot,0.0,0.0
6,1,D055,Aaron Shah,B9 4EH,52.476775,-1.876573,5,express,33.3847,33.3847
6,2,D081,Leon Smith,B5 5SU,52.475472,-1.885748,5,standard,0.6381,34.0228
6,3,D225,Noah Kowalski,B12 0NB,52.47333,-1.88381,4,standard,0.272,34.2948
6,4,D185,Aiden Kaur,B12 0NX,52.472952,-1.883399,4,express,0.0504,34.3452
6,5,D040,Mohammed Iqbal,B12 0NH,52.473472,-1.882132,2,standard,0.1035,34.4487
6,6,D100,Aaron Roberts,B12 0BA,52.47251,-1.881752,5,express,0.11,34.5587
6,7,D009,Amelia Shah,B12 0TS,52.468989,-1.885161,5,express,0.4545,35.0132
6,8,D024,Mia Thomas,B12 9PW,52.455872,-1.893362,3,standard,1.5608,36.574
6,9,D298,Aaron Clarke,B12 9NQ,52.457216,-1.898319,1,standard,0.3676,36.9416
6,10,D271,Lucas Walker,B5 7DQ,52.469782,-1.896583,5,express,1.4022,38.3439
6,11,D258,James Jones,B5 6RG,52.47327,-1.896162,3,standard,0.3889,38.7328
6,12,D219,Tyler Begum,B1 1DW,52.473112,-1.900918,1,standard,0.3226,39.0554
6,13,D192,Mia Rahman,B2 4PY,52.478647,-1.897887,4,standard,0.6488,39.7042
6,14,D025,Zara Clarke,B3 1BA,52.483265,-1.904841,5,standard,0.6967,40.4009
6,15,D221,Chloe Brown,B3 1TT,52.486682,-1.906203,1,standard,0.391,40.7919
6,16,D020,Amelia Begum,B18 6AQ,52.488859,-1.907141,5,express,0.2503,41.0422
6,17,D290,Priya Wilson,B3 1UD,52.487061,-1.907646,3,standard,0.2028,41.245
6,18,D032,Ethan Rahman,B1 3LS,52.483873,-1.91263,3,standard,0.4894,41.7344
6,19,D103,Nadia Wilson,B1 2DS,52.477714,-1.910728,3,standard,0.6969,42.4313
6,20,D052,Leon Kowalski,B1 2HT,52.476322,-1.913425,5,express,0.2394,42.6707
6,21,D261,Aaron Singh,B15 2DD,52.471501,-1.910151,5,standard,0.5801,43.2508
6,22,D152,Aaron Shah,B16 6NR,52.473385,-1.930287,2,express,1.3799,44.6307
6,23,D202,Priya Jones,B16 8WD,52.471434,-1.930805,1,express,0.2198,44.8505
6,24,D038,Harry Evans,B15 3NX,52.468066,-1.936213,2,standard,0.5239,45.3744
6,25,D264,Lucas Begum,B15 3TT,52.466708,-1.93433,1,standard,0.1977,45.572
6,26,D112,Chloe Hill,B15 3JB,52.465198,-1.935981,3,standard,0.2017,45.7738
6,27,D205,Lucas Begum,B17 0TJ,52.446708,-1.96102,3,express,2.6656,48.4394
6,28,D104,Tyler Clarke,B17 0BX,52.456118,-1.95539,3,standard,1.1137,49.5531
6,29,D187,Emily Brown,B17 9JN,52.465279,-1.953894,5,standard,1.0237,50.5768
6,30,D082,Fatima Brown,B15 3AZ,52.467594,-1.94556,4,standard,0.6205,51.1973
6,31,D277,Liam Hussain,B16 0LT,52.481395,-1.947104,4,standard,1.5382,52.7355
6,32,D065,Isabella Smith,B16 9EB,52.477865,-1.934741,3,standard,0.9247,53.6602
6,33,D066,Aaron Ali,B1 2UH,52.483987,-1.920272,4,standard,1.1931,54.8533
6,34,D197,Sarah Shah,B18 7LQ,52.486622,-1.921313,1,express,0.3014,55.1546
6,35,D117,Chloe Morris,B21 9BN,52.50216,-1.927796,5,standard,1.7826,56.9373
6,36,D237,Ravi Thomas,B21 9AP,52.502275,-1.92454,1,standard,0.2208,57.158
6,37,D080,Aaron Smith,B20 3PY,52.50864,-1.9118,2,standard,1.1155,58.2736
6,38,D150,James Khan,B6 5BP,52.499919,-1.889309,2,standard,1.8049,60.0785
6,39,D109,Fatima Ali,B3 2PY,52.495968,-1.894209,2,standard,0.5505,60.629
6,40,D102,Priya Evans,B2 2PL,52.495968,-1.894209,2,standard,0.0,60.629
6,41,D029,Amelia Thomas,B2 2RX,52.495968,-1.894209,1,standard,0.0,60.629
6,42,D158,Aisha Ali,B2 2BE,52.495968,-1.894209,5,standard,0.0,60.629
6,43,D184,Fatima Nwosu,B6 4HZ,52.49179,-1.896413,4,standard,0.4879,61.1169
6,44,D035,Sophia Iqbal,B4 7FN,52.487435,-1.892933,1,standard,0.5385,61.6555
6,45,D216,Aaron Sharma,B6 4AH,52.496335,-1.882675,2,standard,1.209,62.8645
6,46,D034,Mia Morris,B7 4NP,52.490879,-1.875061,3,express,0.7961,63.6606
6,47,DEPOT,DPD Hinckley Depot,LE10 3BQ,52.527037,-1.390319,0,depot,33.0515,96.712
7,0,DEPOT,DPD Hinckley Depot,LE10 3BQ,52.527037,-1.390319,0,depot,0.0,0.0
7,1,D057,Mohammed Rahman,B10 0LL,52.468427,-1.855619,3,standard,32.1654,32.1654
7,2,D018,James Hussain,B11 3NJ,52.449001,-1.842616,2,express,2.3328,34.4982
7,3,D251,Mohammed Iqbal,B11 3BY,52.448057,-1.84927,5,standard,0.463,34.9612
7,4,D125,Priya Patel,B11 3AP,52.447832,-1.857039,3,express,0.5271,35.4884
7,5,D151,Aaron Hussain,B11 4AR,52.449196,-1.861994,3,standard,0.3685,35.8568
7,6,D153,Harry Begum,B13 9YX,52.441863,-1.872726,4,standard,1.0927,36.9495
7,7,D199,Emily Davis,B12 8UY,52.458643,-1.877388,1,standard,1.8924,38.8419
7,8,D146,Lucas Williams,B12 8TG,52.458981,-1.882288,4,standard,0.3341,39.176
7,9,D088,Daniel Taylor,B13 8LN,52.444491,-1.893949,1,standard,1.7946,40.9706
7,10,D223,Oliver Brown,B14 7RP,52.435988,-1.896219,5,standard,0.9579,41.9285
7,11,D114,Noah Ahmed,B14 7QE,52.430748,-1.897202,1,standard,0.5865,42.515
7,12,D183,Daniel Ahmed,B14 4JT,52.415005,-1.868642,5,express,2.6106,45.1255
7,13,D054,Noah Shah,B14 4EE,52.41722,-1.864033,2,standard,0.398,45.5235
7,14,D176,Yasmin Khan,B90 2JT,52.409541,-1.840624,3,express,1.8027,47.3262
7,15,D178,Leon Smith,B90 2QP,52.401847,-1.842077,3,standard,0.8612,48.1874
7,16,D143,Ravi Brown,B90 4BB,52.396993,-1.816992,3,standard,1.7855,49.9729
7,17,DEPOT,DPD Hinckley Depot,LE10 3BQ,52.527037,-1.390319,0,depot,32.3219,82.2948
8,0,DEPOT,DPD Hinckley Depot,LE10 3BQ,52.527037,-1.390319,0,depot,0.0,0.0
8,1,D094,Zara Singh,B75 6EL,52.577906,-1.804598,4,standard,28.5749,28.5749
8,2,D294,Chloe Walker,B74 4NS,52.592963,-1.853836,2,express,3.7241,32.299
8,3,D129,Mohammed Ahmed,B74 4TA,52.588739,-1.854736,1,express,0.4736,32.7726
8,4,D226,Chloe Nwosu,B73 6BJ,52.567209,-1.828767,3,standard,2.9683,35.7409
8,5,D213,Daniel Johnson,B73 6JG,52.556366,-1.83437,1,express,1.2638,37.0046
8,6,D173,Zara Iqbal,B73 6PW,52.551114,-1.853724,4,express,1.4329,38.4375
8,7,D139,Emily Ahmed,B73 6PY,52.555338,-1.859521,3,standard,0.6117,39.0493
8,8,D122,Daniel Brown,B23 5FG,52.538761,-1.868377,4,standard,1.9381,40.9874
8,9,D015,Yasmin Patel,B23 6HS,52.525783,-1.855976,4,standard,1.6692,42.6566
8,10,D119,Fatima Singh,B23 6GD,52.522419,-1.854204,2,standard,0.3928,43.0494
8,11,D293,Liam Kaur,B23 6AE,52.519394,-1.851031,1,standard,0.399,43.4484
8,12,D268,Mia Brown,B23 7SW,52.520473,-1.874136,1,standard,1.5679,45.0163
8,13,D074,Noah Ali,B6 7EE,52.510722,-1.876743,3,standard,1.0985,46.1148
8,14,D058,Noah Davis,B6 6NS,52.511047,-1.887336,3,standard,0.7178,46.8326
8,15,D089,Sarah Rahman,B6 6SB,52.50854,-1.880064,3,standard,0.5656,47.3982
8,16,D246,Emily Ali,B7 5DR,52.496362,-1.874603,3,standard,1.4037,48.8019
8,17,D191,Mohammed Evans,B7 5RX,52.499449,-1.861101,3,standard,0.9763,49.7782
8,18,D132,Simran Roberts,B8 1HQ,52.486948,-1.857194,3,express,1.415,51.1932
8,19,D212,Ethan Morris,B8 3AT,52.48743,-1.847134,3,standard,0.6833,51.8765
8,20,D090,Nadia Morris,B8 3QS,52.49405,-1.849659,1,standard,0.7557,52.6322
8,21,D093,Yasmin Thomas,B24 8JP,52.511758,-1.834848,4,standard,2.2096,54.8417
8,22,D240,Ethan Roberts,B24 9PS,52.517366,-1.809272,3,express,1.8396,56.6814
8,23,D179,Leon Morris,B8 2BH,52.496335,-1.831327,5,express,2.7743,59.4557
8,24,D043,Mia Nwosu,B8 2UG,52.489152,-1.824565,1,express,0.9206,60.3763
8,25,D186,Ethan Hussain,B9 5QD,52.476315,-1.837764,2,express,1.6842,62.0605
8,26,D274,Aiden Iqbal,B10 9PU,52.472141,-1.84913,4,express,0.8989,62.9594
8,27,D170,Leon Kowalski,B25 8DT,52.463553,-1.834043,1,express,1.3987,64.3581
8,28,D214,Noah Smith,B92 8JE,52.448548,-1.778716,5,standard,4.1034,68.4615
8,29,D236,Ravi Iqbal,B91 3NX,52.406805,-1.782349,4,standard,4.6481,73.1096
8,30,DEPOT,DPD Hinckley Depot,LE10 3BQ,52.527037,-1.390319,0,depot,29.7322,102.8418
